name,href,tab
阿诗玛,https://www.yanyue.cn/sort/14,大陆品牌
白沙,https://www.yanyue.cn/sort/23,大陆品牌
北戴河,https://www.yanyue.cn/sort/145,大陆品牌
宝岛,https://www.yanyue.cn/sort/426,大陆品牌
北京,https://www.yanyue.cn/sort/429,大陆品牌
长白山,https://www.yanyue.cn/sort/3,大陆品牌
茶花,https://www.yanyue.cn/sort/151,大陆品牌
长城,https://www.yanyue.cn/sort/152,大陆品牌
大红鹰,https://www.yanyue.cn/sort/11,大陆品牌
都宝,https://www.yanyue.cn/sort/69,大陆品牌
冬虫夏草,https://www.yanyue.cn/sort/89,大陆品牌
帝豪,https://www.yanyue.cn/sort/137,大陆品牌
钓鱼台,https://www.yanyue.cn/sort/157,大陆品牌
大前门,https://www.yanyue.cn/sort/225,大陆品牌
大青山,https://www.yanyue.cn/sort/226,大陆品牌
芙蓉王,https://www.yanyue.cn/sort/28,大陆品牌
芙蓉,https://www.yanyue.cn/sort/40,大陆品牌
福,https://www.yanyue.cn/sort/123,大陆品牌
凤凰,https://www.yanyue.cn/sort/428,大陆品牌
恭贺新禧,https://www.yanyue.cn/sort/48,大陆品牌
贵烟,https://www.yanyue.cn/sort/63,大陆品牌
古田,https://www.yanyue.cn/sort/425,大陆品牌
红河,https://www.yanyue.cn/sort/4,大陆品牌
黄山,https://www.yanyue.cn/sort/31,大陆品牌
好猫,https://www.yanyue.cn/sort/35,大陆品牌
红三环,https://www.yanyue.cn/sort/44,大陆品牌
好日子,https://www.yanyue.cn/sort/46,大陆品牌
红梅,https://www.yanyue.cn/sort/53,大陆品牌
黄果树,https://www.yanyue.cn/sort/62,大陆品牌
哈德门,https://www.yanyue.cn/sort/66,大陆品牌
红旗渠,https://www.yanyue.cn/sort/87,大陆品牌
红山茶,https://www.yanyue.cn/sort/102,大陆品牌
红杉树,https://www.yanyue.cn/sort/114,大陆品牌
红塔山,https://www.yanyue.cn/sort/128,大陆品牌
黄鹤楼,https://www.yanyue.cn/sort/131,大陆品牌
红金龙,https://www.yanyue.cn/sort/132,大陆品牌
红双喜(沪),https://www.yanyue.cn/sort/135,大陆品牌
黄金叶,https://www.yanyue.cn/sort/138,大陆品牌
猴王,https://www.yanyue.cn/sort/148,大陆品牌
红玫,https://www.yanyue.cn/sort/150,大陆品牌
恒大,https://www.yanyue.cn/sort/163,大陆品牌
华西村,https://www.yanyue.cn/sort/221,大陆品牌
哈尔滨,https://www.yanyue.cn/sort/232,大陆品牌
红玫王,https://www.yanyue.cn/sort/234,大陆品牌
呼伦贝尔,https://www.yanyue.cn/sort/235,大陆品牌
黄山松,https://www.yanyue.cn/sort/238,大陆品牌
红双喜(鄂),https://www.yanyue.cn/sort/303,大陆品牌
娇子,https://www.yanyue.cn/sort/42,大陆品牌
甲天下,https://www.yanyue.cn/sort/51,大陆品牌
金鹿,https://www.yanyue.cn/sort/91,大陆品牌
金桥,https://www.yanyue.cn/sort/97,大陆品牌
将军,https://www.yanyue.cn/sort/99,大陆品牌
金圣,https://www.yanyue.cn/sort/111,大陆品牌
江山,https://www.yanyue.cn/sort/167,大陆品牌
利事,https://www.yanyue.cn/sort/30,大陆品牌
老仁义,https://www.yanyue.cn/sort/38,大陆品牌
兰州,https://www.yanyue.cn/sort/67,大陆品牌
林海灵芝,https://www.yanyue.cn/sort/70,大陆品牌
利群,https://www.yanyue.cn/sort/78,大陆品牌
庐山,https://www.yanyue.cn/sort/113,大陆品牌
龙凤呈祥,https://www.yanyue.cn/sort/139,大陆品牌
龙烟,https://www.yanyue.cn/sort/247,大陆品牌
梦都,https://www.yanyue.cn/sort/116,大陆品牌
牡丹,https://www.yanyue.cn/sort/136,大陆品牌
孟菲斯,https://www.yanyue.cn/sort/194,大陆品牌
茂大,https://www.yanyue.cn/sort/249,大陆品牌
南京,https://www.yanyue.cn/sort/115,大陆品牌
七匹狼,https://www.yanyue.cn/sort/108,大陆品牌
人民大会堂,https://www.yanyue.cn/sort/174,大陆品牌
双喜,https://www.yanyue.cn/sort/47,大陆品牌
石狮,https://www.yanyue.cn/sort/75,大陆品牌
石林,https://www.yanyue.cn/sort/124,大陆品牌
上海,https://www.yanyue.cn/sort/134,大陆品牌
苏烟,https://www.yanyue.cn/sort/141,大陆品牌
散花,https://www.yanyue.cn/sort/175,大陆品牌
双叶,https://www.yanyue.cn/sort/201,大陆品牌
三峡,https://www.yanyue.cn/sort/254,大陆品牌
狮牌,https://www.yanyue.cn/sort/257,大陆品牌
三沙,https://www.yanyue.cn/sort/438,大陆品牌
天子,https://www.yanyue.cn/sort/117,大陆品牌
泰山,https://www.yanyue.cn/sort/122,大陆品牌
天下秀,https://www.yanyue.cn/sort/140,大陆品牌
土楼,https://www.yanyue.cn/sort/390,大陆品牌
五叶神,https://www.yanyue.cn/sort/110,大陆品牌
王冠,https://www.yanyue.cn/sort/260,大陆品牌
味美思,https://www.yanyue.cn/sort/261,大陆品牌
万宝路(国产),https://www.yanyue.cn/sort/324,大陆品牌
威斯,https://www.yanyue.cn/sort/432,大陆品牌
熊猫,https://www.yanyue.cn/sort/12,大陆品牌
雄狮,https://www.yanyue.cn/sort/79,大陆品牌
新石家庄,https://www.yanyue.cn/sort/83,大陆品牌
小熊猫,https://www.yanyue.cn/sort/126,大陆品牌
相思鸟,https://www.yanyue.cn/sort/180,大陆品牌
雪莲,https://www.yanyue.cn/sort/183,大陆品牌
厦门,https://www.yanyue.cn/sort/207,大陆品牌
雪域,https://www.yanyue.cn/sort/328,大陆品牌
云烟,https://www.yanyue.cn/sort/19,大陆品牌
玉溪,https://www.yanyue.cn/sort/52,大陆品牌
一品梅,https://www.yanyue.cn/sort/94,大陆品牌
壹枝笔,https://www.yanyue.cn/sort/101,大陆品牌
延安,https://www.yanyue.cn/sort/184,大陆品牌
羊城,https://www.yanyue.cn/sort/185,大陆品牌
椰树,https://www.yanyue.cn/sort/192,大陆品牌
椰王,https://www.yanyue.cn/sort/193,大陆品牌
月兔,https://www.yanyue.cn/sort/195,大陆品牌
中华,https://www.yanyue.cn/sort/13,大陆品牌
中南海,https://www.yanyue.cn/sort/25,大陆品牌
真龙,https://www.yanyue.cn/sort/56,大陆品牌
遵义,https://www.yanyue.cn/sort/64,大陆品牌
钻石,https://www.yanyue.cn/sort/144,大陆品牌
紫气东来,https://www.yanyue.cn/sort/391,大陆品牌
1812,https://www.yanyue.cn/sort/355,国外品牌
1637,https://www.yanyue.cn/sort/1217,国外品牌
555,https://www.yanyue.cn/sort/283,国外品牌
7.27,https://www.yanyue.cn/sort/1163,国外品牌
821,https://www.yanyue.cn/sort/1168,国外品牌
ARK ROYAL,https://www.yanyue.cn/sort/305,国外品牌
ASSOS,https://www.yanyue.cn/sort/318,国外品牌
AURA(优雅),https://www.yanyue.cn/sort/344,国外品牌
AMERICAN LEGEND,https://www.yanyue.cn/sort/348,国外品牌
ARA,https://www.yanyue.cn/sort/377,国外品牌
AMERICAN SPIRIT,https://www.yanyue.cn/sort/399,国外品牌
阿里郎,https://www.yanyue.cn/sort/407,国外品牌
ATLANTA,https://www.yanyue.cn/sort/1132,国外品牌
APACHE,https://www.yanyue.cn/sort/1152,国外品牌
AMIGO,https://www.yanyue.cn/sort/1199,国外品牌
Austin,https://www.yanyue.cn/sort/1231,国外品牌
ESSE,https://www.yanyue.cn/sort/275,国外品牌
BLACK DEVIL,https://www.yanyue.cn/sort/279,国外品牌
BlackStone,https://www.yanyue.cn/sort/307,国外品牌
BOSS(老板),https://www.yanyue.cn/sort/315,国外品牌
Benson & Hedges,https://www.yanyue.cn/sort/343,国外品牌
Blizz(百丽滋),https://www.yanyue.cn/sort/347,国外品牌
Black Jack,https://www.yanyue.cn/sort/360,国外品牌
BOND(邦德),https://www.yanyue.cn/sort/371,国外品牌
BINGO(宾戈),https://www.yanyue.cn/sort/379,国外品牌
BOHEM,https://www.yanyue.cn/sort/392,国外品牌
Blue Diamond(蓝钻石),https://www.yanyue.cn/sort/414,国外品牌
Burton,https://www.yanyue.cn/sort/437,国外品牌
BRAND2000,https://www.yanyue.cn/sort/483,国外品牌
BUSINESS ROYALS,https://www.yanyue.cn/sort/1115,国外品牌
Belmont,https://www.yanyue.cn/sort/1170,国外品牌
BN,https://www.yanyue.cn/sort/1182,国外品牌
BASIC,https://www.yanyue.cn/sort/1225,国外品牌
PARLIAMENT,https://www.yanyue.cn/sort/284,国外品牌
PEEL,https://www.yanyue.cn/sort/335,国外品牌
White Horse(白马),https://www.yanyue.cn/sort/354,国外品牌
CAPRI(卡碧),https://www.yanyue.cn/sort/312,国外品牌
CHONJI,https://www.yanyue.cn/sort/317,国外品牌
CAMEL,https://www.yanyue.cn/sort/331,国外品牌
CASTER,https://www.yanyue.cn/sort/338,国外品牌
Chesterfield,https://www.yanyue.cn/sort/341,国外品牌
Cigaronne,https://www.yanyue.cn/sort/350,国外品牌
CECIL(塞西尔),https://www.yanyue.cn/sort/353,国外品牌
CABIN(卡宾),https://www.yanyue.cn/sort/359,国外品牌
CRAVEN,https://www.yanyue.cn/sort/365,国外品牌
CONGRESS(国会),https://www.yanyue.cn/sort/384,国外品牌
CAPSTAN(白锡包),https://www.yanyue.cn/sort/423,国外品牌
CORSET(紧身胸衣),https://www.yanyue.cn/sort/493,国外品牌
Captain Black,https://www.yanyue.cn/sort/1006,国外品牌
Cedars,https://www.yanyue.cn/sort/1104,国外品牌
Camfly,https://www.yanyue.cn/sort/1120,国外品牌
CHAPMAN,https://www.yanyue.cn/sort/1135,国外品牌
CONNAISSEURS,https://www.yanyue.cn/sort/1197,国外品牌
che,https://www.yanyue.cn/sort/1211,国外品牌
CROWN,https://www.yanyue.cn/sort/1215,国外品牌
CARNIVAL,https://www.yanyue.cn/sort/1219,国外品牌
CARLTON,https://www.yanyue.cn/sort/1229,国外品牌
Spring water(春泉),https://www.yanyue.cn/sort/340,国外品牌
PALL MALL,https://www.yanyue.cn/sort/345,国外品牌
DUNHILL,https://www.yanyue.cn/sort/282,国外品牌
Davidoff,https://www.yanyue.cn/sort/285,国外品牌
DANNEMANN(丹纳曼),https://www.yanyue.cn/sort/286,国外品牌
Deal(戴尔),https://www.yanyue.cn/sort/302,国外品牌
D&J,https://www.yanyue.cn/sort/440,国外品牌
Ducados,https://www.yanyue.cn/sort/441,国外品牌
Ducal,https://www.yanyue.cn/sort/443,国外品牌
DENVER,https://www.yanyue.cn/sort/1130,国外品牌
大熊猫,https://www.yanyue.cn/sort/1136,国外品牌
DENIM,https://www.yanyue.cn/sort/1173,国外品牌
DEMOCRAT,https://www.yanyue.cn/sort/1203,国外品牌
DERBY,https://www.yanyue.cn/sort/1218,国外品牌
Diboro,https://www.yanyue.cn/sort/1233,国外品牌
DJARUM,https://www.yanyue.cn/sort/1235,国外品牌
Elixyr(爱利克斯尔),https://www.yanyue.cn/sort/442,国外品牌
echo,https://www.yanyue.cn/sort/1123,国外品牌
ENTER,https://www.yanyue.cn/sort/1167,国外品牌
ERA,https://www.yanyue.cn/sort/1221,国外品牌
EXETER,https://www.yanyue.cn/sort/1234,国外品牌
Fusion(风行),https://www.yanyue.cn/sort/287,国外品牌
峰,https://www.yanyue.cn/sort/397,国外品牌
FALLING RAIN(雨水),https://www.yanyue.cn/sort/409,国外品牌
Fortuna,https://www.yanyue.cn/sort/1126,国外品牌
FAST,https://www.yanyue.cn/sort/1162,国外品牌
FORTE,https://www.yanyue.cn/sort/1188,国外品牌
KD,https://www.yanyue.cn/sort/357,国外品牌
S.T.DUPONT,https://www.yanyue.cn/sort/374,国外品牌
GOLD LION,https://www.yanyue.cn/sort/290,国外品牌
GOLD RUSH(淘金者),https://www.yanyue.cn/sort/299,国外品牌
GOLDEN HIND(金鹿),https://www.yanyue.cn/sort/352,国外品牌
GEORGE KARELIAS AND SONS,https://www.yanyue.cn/sort/361,国外品牌
GUDANG GARAM,https://www.yanyue.cn/sort/381,国外品牌
GIFT(吉福),https://www.yanyue.cn/sort/489,国外品牌
Golden Beach,https://www.yanyue.cn/sort/1105,国外品牌
Galaxy,https://www.yanyue.cn/sort/1107,国外品牌
Gold Mount,https://www.yanyue.cn/sort/1111,国外品牌
GOLD COAST,https://www.yanyue.cn/sort/1138,国外品牌
GT,https://www.yanyue.cn/sort/1160,国外品牌
GITANES,https://www.yanyue.cn/sort/1183,国外品牌
高丽고려,https://www.yanyue.cn/sort/1186,国外品牌
Grim Reapers,https://www.yanyue.cn/sort/1195,国外品牌
GAULOISES,https://www.yanyue.cn/sort/1200,国外品牌
Good Companion,https://www.yanyue.cn/sort/1223,国外品牌
COHIBA,https://www.yanyue.cn/sort/349,国外品牌
HERO(喜乐),https://www.yanyue.cn/sort/296,国外品牌
HILTON(希尔顿),https://www.yanyue.cn/sort/329,国外品牌
HOPE,https://www.yanyue.cn/sort/394,国外品牌
HANHELLO(黄鹤楼),https://www.yanyue.cn/sort/402,国外品牌
HEI DEVIL,https://www.yanyue.cn/sort/485,国外品牌
hi-lite,https://www.yanyue.cn/sort/490,国外品牌
HKmewuiboro,https://www.yanyue.cn/sort/494,国外品牌
华商,https://www.yanyue.cn/sort/1108,国外品牌
HERENCIA,https://www.yanyue.cn/sort/1181,国外品牌
喜鹊까치,https://www.yanyue.cn/sort/1185,国外品牌
和平평화,https://www.yanyue.cn/sort/1191,国外品牌
Vibes(气氛),https://www.yanyue.cn/sort/481,国外品牌
IScore,https://www.yanyue.cn/sort/1201,国外品牌
LUCKY STRIKE,https://www.yanyue.cn/sort/277,国外品牌
RAISON,https://www.yanyue.cn/sort/308,国外品牌
Saint George(红盾),https://www.yanyue.cn/sort/319,国外品牌
ORIS,https://www.yanyue.cn/sort/376,国外品牌
Peace,https://www.yanyue.cn/sort/382,国外品牌
JOHN PLAYER,https://www.yanyue.cn/sort/326,国外品牌
JPS,https://www.yanyue.cn/sort/404,国外品牌
JAISALMER(贾沙梅尔),https://www.yanyue.cn/sort/412,国外品牌
锦绣江山,https://www.yanyue.cn/sort/420,国外品牌
JIN LING,https://www.yanyue.cn/sort/1106,国外品牌
JINLONG,https://www.yanyue.cn/sort/1127,国外品牌
John Silver,https://www.yanyue.cn/sort/1174,国外品牌
JN,https://www.yanyue.cn/sort/1192,国外品牌
金刚금강,https://www.yanyue.cn/sort/1212,国外品牌
建设건설,https://www.yanyue.cn/sort/1236,国外品牌
KENT,https://www.yanyue.cn/sort/288,国外品牌
Sunday's Fantasy(假日),https://www.yanyue.cn/sort/306,国外品牌
Karelia(卡莱利亚),https://www.yanyue.cn/sort/383,国外品牌
kapitan(卡彼泰),https://www.yanyue.cn/sort/398,国外品牌
KENTUCKY'S BEST(肯塔基最佳),https://www.yanyue.cn/sort/416,国外品牌
THE KING,https://www.yanyue.cn/sort/1099,国外品牌
KOOL,https://www.yanyue.cn/sort/1102,国外品牌
KAMEL,https://www.yanyue.cn/sort/1178,国外品牌
L·D,https://www.yanyue.cn/sort/292,国外品牌
Lady(女士),https://www.yanyue.cn/sort/298,国外品牌
Lambert&Butler(L&B),https://www.yanyue.cn/sort/320,国外品牌
L&M,https://www.yanyue.cn/sort/332,国外品牌
LEVEL,https://www.yanyue.cn/sort/370,国外品牌
XHHMOPb(狼头),https://www.yanyue.cn/sort/393,国外品牌
LARK,https://www.yanyue.cn/sort/439,国外品牌
龙峰룡봉,https://www.yanyue.cn/sort/1091,国外品牌
LINK,https://www.yanyue.cn/sort/1143,国外品牌
려명,https://www.yanyue.cn/sort/1198,国外品牌
LOTUS,https://www.yanyue.cn/sort/1209,国外品牌
KRISTOFF,https://www.yanyue.cn/sort/363,国外品牌
RITMEESTER(烈马),https://www.yanyue.cn/sort/373,国外品牌
Marlboro,https://www.yanyue.cn/sort/295,国外品牌
More(摩尔),https://www.yanyue.cn/sort/309,国外品牌
MAIN,https://www.yanyue.cn/sort/310,国外品牌
MEMPHIS(孟菲斯),https://www.yanyue.cn/sort/321,国外品牌
MABA(马坝),https://www.yanyue.cn/sort/339,国外品牌
M·M,https://www.yanyue.cn/sort/387,国外品牌
MARCOPOLO,https://www.yanyue.cn/sort/411,国外品牌
MEVIUS,https://www.yanyue.cn/sort/433,国外品牌
Monte Carlo(蒙特卡洛),https://www.yanyue.cn/sort/487,国外品牌
Manchester,https://www.yanyue.cn/sort/1114,国外品牌
MARQUISE,https://www.yanyue.cn/sort/1116,国外品牌
Marble,https://www.yanyue.cn/sort/1117,国外品牌
MOND,https://www.yanyue.cn/sort/1122,国外品牌
MILANO,https://www.yanyue.cn/sort/1125,国外品牌
MS,https://www.yanyue.cn/sort/1169,国外品牌
明信명신,https://www.yanyue.cn/sort/1184,国外品牌
MONTEGO,https://www.yanyue.cn/sort/1216,国外品牌
MERIT,https://www.yanyue.cn/sort/1224,国外品牌
Magna,https://www.yanyue.cn/sort/1232,国外品牌
NEXT,https://www.yanyue.cn/sort/323,国外品牌
Newport,https://www.yanyue.cn/sort/351,国外品牌
Nyala,https://www.yanyue.cn/sort/410,国外品牌
NEO CEDAR,https://www.yanyue.cn/sort/1008,国外品牌
NEVER,https://www.yanyue.cn/sort/1103,国外品牌
napoli,https://www.yanyue.cn/sort/1151,国外品牌
NOW,https://www.yanyue.cn/sort/1228,国外品牌
One Flower(一枝花),https://www.yanyue.cn/sort/380,国外品牌
Pianissimo,https://www.yanyue.cn/sort/396,国外品牌
Prima,https://www.yanyue.cn/sort/421,国外品牌
PRINCE,https://www.yanyue.cn/sort/427,国外品牌
Peter Stuyvesant,https://www.yanyue.cn/sort/475,国外品牌
PARKER&SIMPSOM,https://www.yanyue.cn/sort/1092,国外品牌
PRIDE,https://www.yanyue.cn/sort/1098,国外品牌
PORTUGUES,https://www.yanyue.cn/sort/1124,国外品牌
Peter Jackson,https://www.yanyue.cn/sort/1128,国外品牌
Philip Morris,https://www.yanyue.cn/sort/1133,国外品牌
PLATINUM SEVEN,https://www.yanyue.cn/sort/1134,国外品牌
Pepe,https://www.yanyue.cn/sort/1137,国外品牌
PINE,https://www.yanyue.cn/sort/1145,国外品牌
Parisienne,https://www.yanyue.cn/sort/1150,国外品牌
PIER,https://www.yanyue.cn/sort/1153,国外品牌
蒲公英민들레,https://www.yanyue.cn/sort/1164,国外品牌
Pierre Cardin,https://www.yanyue.cn/sort/1190,国外品牌
Pyramid,https://www.yanyue.cn/sort/1226,国外品牌
七宝山,https://www.yanyue.cn/sort/419,国外品牌
RICH,https://www.yanyue.cn/sort/366,国外品牌
Rothmans,https://www.yanyue.cn/sort/395,国外品牌
RGD(红金龙),https://www.yanyue.cn/sort/401,国外品牌
REGAL(荣爵),https://www.yanyue.cn/sort/406,国外品牌
ROOFTOP,https://www.yanyue.cn/sort/408,国外品牌
RODEO(竞技),https://www.yanyue.cn/sort/415,国外品牌
Roth Handle,https://www.yanyue.cn/sort/479,国外品牌
RedPoint(红点),https://www.yanyue.cn/sort/484,国外品牌
RICHMOND,https://www.yanyue.cn/sort/1007,国外品牌
MILD SEVEN(柔和七星),https://www.yanyue.cn/sort/276,国外品牌
Seven Stars,https://www.yanyue.cn/sort/314,国外品牌
SALEM,https://www.yanyue.cn/sort/280,国外品牌
SOBRANIE,https://www.yanyue.cn/sort/293,国外品牌
SAMWUN(蔘云),https://www.yanyue.cn/sort/337,国外品牌
Sportsman(运动员),https://www.yanyue.cn/sort/385,国外品牌
sweet dreams(甜蜜梦想/甜梦),https://www.yanyue.cn/sort/417,国外品牌
SAMPERNA,https://www.yanyue.cn/sort/418,国外品牌
Sterling,https://www.yanyue.cn/sort/1157,国外品牌
Silk Cut,https://www.yanyue.cn/sort/1158,国外品牌
San Marino,https://www.yanyue.cn/sort/1161,国外品牌
Seneca,https://www.yanyue.cn/sort/1175,国外品牌
三兴삼흥,https://www.yanyue.cn/sort/1187,国外品牌
SAIGON,https://www.yanyue.cn/sort/1189,国外品牌
SONOMA,https://www.yanyue.cn/sort/1196,国外品牌
SIERRA,https://www.yanyue.cn/sort/1214,国外品牌
Yves Saint Laurent(圣罗兰),https://www.yanyue.cn/sort/304,国外品牌
victory(胜利),https://www.yanyue.cn/sort/368,国外品牌
TPONKA,https://www.yanyue.cn/sort/367,国外品牌
THIS,https://www.yanyue.cn/sort/369,国外品牌
THE ONE,https://www.yanyue.cn/sort/378,国外品牌
TEXAS5(德州5号),https://www.yanyue.cn/sort/400,国外品牌
Tonino Lamborghini,https://www.yanyue.cn/sort/405,国外品牌
THIS AFRICA,https://www.yanyue.cn/sort/434,国外品牌
TREASURER,https://www.yanyue.cn/sort/491,国外品牌
TIR,https://www.yanyue.cn/sort/1121,国外品牌
TITOS,https://www.yanyue.cn/sort/1166,国外品牌
TIME,https://www.yanyue.cn/sort/1207,国外品牌
TEKEL,https://www.yanyue.cn/sort/1208,国外品牌
USA Gold(美国金),https://www.yanyue.cn/sort/422,国外品牌
Urum,https://www.yanyue.cn/sort/1206,国外品牌
Viceroy,https://www.yanyue.cn/sort/372,国外品牌
VIKING,https://www.yanyue.cn/sort/1081,国外品牌
Vogue,https://www.yanyue.cn/sort/1109,国外品牌
Vantage,https://www.yanyue.cn/sort/1159,国外品牌
Virginia,https://www.yanyue.cn/sort/1177,国外品牌
VESS,https://www.yanyue.cn/sort/1220,国外品牌
Winston,https://www.yanyue.cn/sort/297,国外品牌
West,https://www.yanyue.cn/sort/300,国外品牌
WIGO(唯柯),https://www.yanyue.cn/sort/342,国外品牌
Winfield(温菲尔德),https://www.yanyue.cn/sort/358,国外品牌
WAKABA,https://www.yanyue.cn/sort/1155,国外品牌
520,https://www.yanyue.cn/sort/333,国外品牌
XMEN,https://www.yanyue.cn/sort/486,国外品牌
新丝路,https://www.yanyue.cn/sort/1112,国外品牌
希望희망,https://www.yanyue.cn/sort/1193,国外品牌
鸭绿江압록강,https://www.yanyue.cn/sort/424,国外品牌
ZEST,https://www.yanyue.cn/sort/336,国外品牌
ZUMERRET,https://www.yanyue.cn/sort/1141,国外品牌
阿里山,https://www.yanyue.cn/sort/386,港澳台品牌
BANKER,https://www.yanyue.cn/sort/301,港澳台品牌
CHEVAL,https://www.yanyue.cn/sort/1118,港澳台品牌
DJ MIX,https://www.yanyue.cn/sort/278,港澳台品牌
大华,https://www.yanyue.cn/sort/430,港澳台品牌
道生,https://www.yanyue.cn/sort/1094,港澳台品牌
FORMOSA,https://www.yanyue.cn/sort/364,港澳台品牌
Golden Triangle(金三角),https://www.yanyue.cn/sort/488,港澳台品牌
红双喜(港),https://www.yanyue.cn/sort/190,港澳台品牌
华天下,https://www.yanyue.cn/sort/1100,港澳台品牌
金澳门,https://www.yanyue.cn/sort/289,港澳台品牌
金香港,https://www.yanyue.cn/sort/291,港澳台品牌
GUIA,https://www.yanyue.cn/sort/334,港澳台品牌
嘉士德,https://www.yanyue.cn/sort/346,港澳台品牌
孔雀,https://www.yanyue.cn/sort/1110,港澳台品牌
MACAU(澳门),https://www.yanyue.cn/sort/375,港澳台品牌
梅花王,https://www.yanyue.cn/sort/431,港澳台品牌
梦莲,https://www.yanyue.cn/sort/478,港澳台品牌
Mars(马尔斯),https://www.yanyue.cn/sort/1097,港澳台品牌
MU,https://www.yanyue.cn/sort/1146,港澳台品牌
PHOENIX,https://www.yanyue.cn/sort/1156,港澳台品牌
全球通,https://www.yanyue.cn/sort/436,港澳台品牌
特富意,https://www.yanyue.cn/sort/294,港澳台品牌
台菸(台烟),https://www.yanyue.cn/sort/413,港澳台品牌
五路来财,https://www.yanyue.cn/sort/1172,港澳台品牌
喜万年,https://www.yanyue.cn/sort/362,港澳台品牌
新乐园,https://www.yanyue.cn/sort/1171,港澳台品牌
御猫,https://www.yanyue.cn/sort/325,港澳台品牌
长寿,https://www.yanyue.cn/sort/281,港澳台品牌
中国梦,https://www.yanyue.cn/sort/1093,港澳台品牌
紫荆叶,https://www.yanyue.cn/sort/1129,港澳台品牌
阿牛哥,https://www.yanyue.cn/sort/209,历史品牌
北京,https://www.yanyue.cn/sort/39,历史品牌
八喜,https://www.yanyue.cn/sort/120,历史品牌
白猫,https://www.yanyue.cn/sort/224,历史品牌
长沙,https://www.yanyue.cn/sort/29,历史品牌
长征,https://www.yanyue.cn/sort/82,历史品牌
驰,https://www.yanyue.cn/sort/90,历史品牌
乘风,https://www.yanyue.cn/sort/154,历史品牌
春城,https://www.yanyue.cn/sort/155,历史品牌
东方红,https://www.yanyue.cn/sort/49,历史品牌
大鸡,https://www.yanyue.cn/sort/156,历史品牌
渡江,https://www.yanyue.cn/sort/158,历史品牌
大重九,https://www.yanyue.cn/sort/191,历史品牌
大地飞歌,https://www.yanyue.cn/sort/210,历史品牌
大伯爵,https://www.yanyue.cn/sort/216,历史品牌
东渡,https://www.yanyue.cn/sort/219,历史品牌
丹健,https://www.yanyue.cn/sort/227,历史品牌
帝国,https://www.yanyue.cn/sort/228,历史品牌
发时达,https://www.yanyue.cn/sort/229,历史品牌
飞马,https://www.yanyue.cn/sort/230,历史品牌
国宾,https://www.yanyue.cn/sort/80,历史品牌
赣,https://www.yanyue.cn/sort/159,历史品牌
公主,https://www.yanyue.cn/sort/160,历史品牌
光明,https://www.yanyue.cn/sort/161,历史品牌
国宝,https://www.yanyue.cn/sort/162,历史品牌
恭喜,https://www.yanyue.cn/sort/213,历史品牌
贵甲天下,https://www.yanyue.cn/sort/215,历史品牌
国烟,https://www.yanyue.cn/sort/222,历史品牌
宏声,https://www.yanyue.cn/sort/142,历史品牌
红豆,https://www.yanyue.cn/sort/164,历史品牌
海鸟,https://www.yanyue.cn/sort/198,历史品牌
华光,https://www.yanyue.cn/sort/205,历史品牌
海洋,https://www.yanyue.cn/sort/233,历史品牌
琥珀,https://www.yanyue.cn/sort/236,历史品牌
黄金龙,https://www.yanyue.cn/sort/237,历史品牌
环球,https://www.yanyue.cn/sort/389,历史品牌
金丝猴,https://www.yanyue.cn/sort/147,历史品牌
吉庆,https://www.yanyue.cn/sort/166,历史品牌
金芒果,https://www.yanyue.cn/sort/168,历史品牌
金许昌,https://www.yanyue.cn/sort/169,历史品牌
江湾,https://www.yanyue.cn/sort/197,历史品牌
咀特,https://www.yanyue.cn/sort/206,历史品牌
九寨沟,https://www.yanyue.cn/sort/223,历史品牌
甲秀,https://www.yanyue.cn/sort/241,历史品牌
金陵,https://www.yanyue.cn/sort/242,历史品牌
客家,https://www.yanyue.cn/sort/243,历史品牌
康希,https://www.yanyue.cn/sort/327,历史品牌
龙泉,https://www.yanyue.cn/sort/170,历史品牌
洛烟,https://www.yanyue.cn/sort/171,历史品牌
灵芝,https://www.yanyue.cn/sort/204,历史品牌
刘三姐,https://www.yanyue.cn/sort/208,历史品牌
灵山,https://www.yanyue.cn/sort/220,历史品牌
老巴夺,https://www.yanyue.cn/sort/244,历史品牌
力士,https://www.yanyue.cn/sort/245,历史品牌
龙力,https://www.yanyue.cn/sort/246,历史品牌
美登,https://www.yanyue.cn/sort/172,历史品牌
芒果,https://www.yanyue.cn/sort/248,历史品牌
明,https://www.yanyue.cn/sort/250,历史品牌
摩登,https://www.yanyue.cn/sort/251,历史品牌
南方,https://www.yanyue.cn/sort/196,历史品牌
乒坛,https://www.yanyue.cn/sort/252,历史品牌
群英会,https://www.yanyue.cn/sort/173,历史品牌
青竹,https://www.yanyue.cn/sort/211,历史品牌
青州,https://www.yanyue.cn/sort/218,历史品牌
秦淮,https://www.yanyue.cn/sort/253,历史品牌
苁蓉,https://www.yanyue.cn/sort/93,历史品牌
人参,https://www.yanyue.cn/sort/143,历史品牌
桫椤,https://www.yanyue.cn/sort/81,历史品牌
上游,https://www.yanyue.cn/sort/119,历史品牌
沙河,https://www.yanyue.cn/sort/176,历史品牌
盛唐,https://www.yanyue.cn/sort/177,历史品牌
时代,https://www.yanyue.cn/sort/217,历史品牌
山城,https://www.yanyue.cn/sort/255,历史品牌
沈阳,https://www.yanyue.cn/sort/256,历史品牌
特美思,https://www.yanyue.cn/sort/149,历史品牌
田七花,https://www.yanyue.cn/sort/214,历史品牌
太阳岛,https://www.yanyue.cn/sort/259,历史品牌
五牛,https://www.yanyue.cn/sort/43,历史品牌
皖烟,https://www.yanyue.cn/sort/146,历史品牌
五一,https://www.yanyue.cn/sort/178,历史品牌
吻,https://www.yanyue.cn/sort/262,历史品牌
Wildhorse,https://www.yanyue.cn/sort/266,历史品牌
香格里拉,https://www.yanyue.cn/sort/106,历史品牌
西湖,https://www.yanyue.cn/sort/179,历史品牌
小南海,https://www.yanyue.cn/sort/181,历史品牌
新安江,https://www.yanyue.cn/sort/182,历史品牌
西柏坡,https://www.yanyue.cn/sort/203,历史品牌
香梅,https://www.yanyue.cn/sort/263,历史品牌
襄阳,https://www.yanyue.cn/sort/264,历史品牌
新兴,https://www.yanyue.cn/sort/265,历史品牌
迎客松,https://www.yanyue.cn/sort/186,历史品牌
玉兰,https://www.yanyue.cn/sort/187,历史品牌
沂蒙山,https://www.yanyue.cn/sort/267,历史品牌
银象,https://www.yanyue.cn/sort/268,历史品牌
渔神,https://www.yanyue.cn/sort/269,历史品牌
宇宙,https://www.yanyue.cn/sort/270,历史品牌
元帅,https://www.yanyue.cn/sort/271,历史品牌
云宝,https://www.yanyue.cn/sort/272,历史品牌
中美,https://www.yanyue.cn/sort/133,历史品牌
钟鼎,https://www.yanyue.cn/sort/273,历史品牌
祝尔慷,https://www.yanyue.cn/sort/274,历史品牌
