name,href
白沙(和天下),https://www.yanyue.cn/product/15
白沙(硬天天向上细支),https://www.yanyue.cn/product/6621
白沙(和天下尊品细支),https://www.yanyue.cn/product/5086
白沙(硬和天下尊享),https://www.yanyue.cn/product/3652
白沙(和天下尊品中支),https://www.yanyue.cn/product/4759
白沙(硬精品三代),https://www.yanyue.cn/product/3212
白沙(细支和天下),https://www.yanyue.cn/product/3883
白沙(硬和气生财),https://www.yanyue.cn/product/4434
白沙(硬和天下双中支),https://www.yanyue.cn/product/3914
白沙(天天向上),https://www.yanyue.cn/product/3235
白沙(瑞中支),https://www.yanyue.cn/product/5256
白沙(长丰),https://www.yanyue.cn/product/6882
白沙(昭君),https://www.yanyue.cn/product/6890
白沙(软和天下),https://www.yanyue.cn/product/3345
白沙(硬新精品二代),https://www.yanyue.cn/product/4144
白沙(硬新和气生财细支),https://www.yanyue.cn/product/5613
白沙(硬精品),https://www.yanyue.cn/product/14
白沙(红运当头),https://www.yanyue.cn/product/3539
白沙(硬),https://www.yanyue.cn/product/922
白沙(软),https://www.yanyue.cn/product/17
