name,href,section
火器ammo,https://www.yanyue.cn/sorte/617,hnb
魅客VTEK,https://www.yanyue.cn/sorte/843,hnb
鲸鱼Wel,https://www.yanyue.cn/sorte/771,hnb
WONZ温致,https://www.yanyue.cn/sorte/848,hnb
IQOS,https://www.yanyue.cn/sorte/576,hnb
Amoour,https://www.yanyue.cn/sorte/466,hnb
BAIDE,https://www.yanyue.cn/sorte/459,hnb
BAOS,https://www.yanyue.cn/sorte/465,hnb
CHOTTO,https://www.yanyue.cn/sorte/454,hnb
CCOBATO,https://www.yanyue.cn/sorte/455,hnb
希尼可 C Nico,https://www.yanyue.cn/sorte/467,hnb
DARKE,https://www.yanyue.cn/sorte/456,hnb
FreeM,https://www.yanyue.cn/sorte/452,hnb
黄鹤楼,https://www.yanyue.cn/sorte/131,hnb
HRK,https://www.yanyue.cn/sorte/464,hnb
金圣,https://www.yanyue.cn/sorte/111,hnb
九霄,https://www.yanyue.cn/sorte/469,hnb
宽窄,https://www.yanyue.cn/sorte/448,hnb
乐美LEME,https://www.yanyue.cn/sorte/451,hnb
LONO威悦,https://www.yanyue.cn/sorte/457,hnb
LAVIE乐味,https://www.yanyue.cn/sorte/473,hnb
MC,https://www.yanyue.cn/sorte/435,hnb
mofee,https://www.yanyue.cn/sorte/482,hnb
NLT,https://www.yanyue.cn/sorte/460,hnb
NUSO,https://www.yanyue.cn/sorte/471,hnb
pnt,https://www.yanyue.cn/sorte/462,hnb
浅山原雾,https://www.yanyue.cn/sorte/463,hnb
TOOP,https://www.yanyue.cn/sorte/458,hnb
TOFRE,https://www.yanyue.cn/sorte/480,hnb
王品,https://www.yanyue.cn/sorte/468,hnb
无为界,https://www.yanyue.cn/sorte/476,hnb
喜科CIGOO,https://www.yanyue.cn/sorte/450,hnb
香誉,https://www.yanyue.cn/sorte/461,hnb
优加,https://www.yanyue.cn/sorte/449,hnb
CAMEL,https://www.yanyue.cn/sorte/331,hnb
fiit,https://www.yanyue.cn/sorte/446,hnb
HEETS,https://www.yanyue.cn/sorte/445,hnb
Healcier,https://www.yanyue.cn/sorte/472,hnb
HEECHI,https://www.yanyue.cn/sorte/474,hnb
KENT,https://www.yanyue.cn/sorte/288,hnb
LUCKY STRIKE,https://www.yanyue.cn/sorte/277,hnb
Marlboro,https://www.yanyue.cn/sorte/295,hnb
SENTIA,https://www.yanyue.cn/sorte/477,hnb
TEREA,https://www.yanyue.cn/sorte/470,hnb
UNICCO 优尼可,https://www.yanyue.cn/sorte/444,hnb
